Emp_ID,Name,Age,Sal,Experience,Dept,Joining_Date,Per_score,City,Latitude,Longitude
101,John,25,50000,2,IT,6/15/2019,85,Lucknow,26.8467,80.9462
102,Alice,30,60000,5,HR,4/22/2018,90,Jaipur,26.9124,75.7873
104,Eve,28,55000,4,IT,1/5/2020,88,Ahmedabad,23.0225,72.5714
105,Mike,40,75000,12,Finance,9/18/2010,92,Ahmedabad,23.0225,72.5714
107,David,32,62000,7,Marketing,8/30/2017,89,Bengaluru,12.9716,77.5946
109,Tom,45,80000,15,Finance,5/27/2008,95,Pune,18.5204,73.8567
110,Linda,31,61000,6,Marketing,11/3/2016,87,Chennai,13.0827,80.2707
112,Emma,33,64000,8,HR,6/29/2017,90,Ahmedabad,23.0225,72.5714
113,James,50,90000,20,Finance,10/1/2005,97,Jaipur,26.9124,75.7873
114,Olivia,23,48000,1,Marketing,5/9/2023,80,Chennai,13.0827,80.2707
115,Robert,36,70000,10,IT,12/12/2014,91,Jaipur,26.9124,75.7873
117,Grace,29,52000,4,HR,7/14/2021,86,Hyderabad,17.385,78.4867
119,Sophia,26,50000,2,Marketing,8/9/2022,84,Jaipur,26.9124,75.7873
120,Liam,41,82000,16,Finance,10/15/2009,96,Pune,18.5204,73.8567
121,Isabella,32,60000,6,HR,1/19/2016,88,Delhi,28.6139,77.209
122,Jack,27,55000,3,IT,11/11/2020,85,Chennai,13.0827,80.2707
123,Mia,35,72000,10,Marketing,4/25/2014,90,Jaipur,26.9124,75.7873
124,Daniel,44,81000,18,Finance,6/3/2007,94,Lucknow,26.8467,80.9462
125,Charlotte,28,54000,4,HR,2/27/2019,83,Jaipur,26.9124,75.7873
126,Ethan,39,75000,13,IT,9/30/2011,92,Jaipur,26.9124,75.7873
127,Amelia,30,58000,5,Marketing,12/7/2018,87,Bengaluru,12.9716,77.5946
129,Harper,25,49000,2,HR,5/16/2022,81,Delhi,28.6139,77.209
130,Andrew,37,71000,11,IT,11/12/2013,89,Mumbai,19.076,72.8777
132,Joshua,42,79000,15,Finance,3/22/2008,93,Jaipur,26.9124,75.7873
133,Avery,29,52000,3,HR,6/9/2021,85,Mumbai,19.076,72.8777
134,Christopher,34,67000,9,IT,9/18/2013,90,Bengaluru,12.9716,77.5946
136,Anthony,40,76000,14,Finance,2/4/2010,94,Hyderabad,17.385,78.4867
137,Victoria,33,64000,8,HR,4/30/2017,87,Bengaluru,12.9716,77.5946
138,Joseph,28,56000,4,IT,9/23/2019,86,Ahmedabad,23.0225,72.5714
139,Abigail,36,70000,12,Marketing,12/19/2012,89,Jaipur,26.9124,75.7873
140,Samuel,47,88000,19,Finance,11/8/2005,96,Chennai,13.0827,80.2707
145,Logan,27,53000,3,IT,6/17/2020,84,Pune,18.5204,73.8567
146,Emma,33,67383,8,HR,6/29/2017,89,Bengaluru,12.9716,77.5946
147,Charlotte,28,54907,4,HR,2/27/2019,83,Delhi,28.6139,77.209
148,Grace,29,47738,4,HR,7/14/2021,93,Chennai,13.0827,80.2707
149,Emma,33,65328,8,HR,6/29/2017,85,Mumbai,19.076,72.8777
150,Harper,25,52832,2,HR,5/16/2022,81,Hyderabad,17.385,78.4867
151,David,32,65933,7,Marketing,8/30/2017,89,Pune,18.5204,73.8567
152,Avery,29,49224,3,HR,6/9/2021,90,Chennai,13.0827,80.2707
153,Harper,25,52840,2,HR,5/16/2022,86,Ahmedabad,23.0225,72.5714
154,Harper,25,52924,2,HR,5/16/2022,84,Mumbai,19.076,72.8777
155,Emma,33,62921,8,HR,6/29/2017,80,Hyderabad,17.385,78.4867
156,Sophia,26,54933,2,Marketing,8/9/2022,91,Jaipur,26.9124,75.7873
157,Harper,25,52649,2,HR,5/16/2022,85,Kolkata,22.5726,88.3639
158,Mia,35,75738,10,Marketing,4/25/2014,96,Lucknow,26.8467,80.9462
159,Emma,33,57692,8,HR,6/29/2017,85,Lucknow,26.8467,80.9462
160,Andrew,37,75442,11,IT,11/12/2013,87,Jaipur,26.9124,75.7873
161,Olivia,23,47971,1,Marketing,5/9/2023,86,Lucknow,26.8467,80.9462
162,Emma,33,62506,8,HR,6/29/2017,85,Ahmedabad,23.0225,72.5714
163,Mia,35,70703,10,Marketing,4/25/2014,97,Kolkata,22.5726,88.3639
